{
  "mean": [
    34.440975189208984,
    51.575862884521484
  ],
  "std": [
    14.93099594116211,
    15.792447090148926
  ]
}